[
  {
    "titre": "test0",
    "description": "description0",
    "statut": "non assignee",
    "employe": null
  },
  {
    "titre": "test1",
    "description": "description1",
    "statut": "non assignee",
    "employe": null
  },
  {
    "titre": "test2",
    "description": "description2",
    "statut": "en cours",
    "employe": null
  },
  {
    "titre": "testfini",
    "description": "description finie",
    "statut": "termine",
    "employe": {
        "nom":"Martin",
        "prenom":"Jacques",
        "email":"jaques.martin@test.com",
        "icone":"avatar2.png"
    }
  }
]